window_id,start_index,end_index,score
calibration:400:403,400,403,1.2083194292689843
calibration:404:407,404,407,1.0231543434870174
calibration:408:411,408,411,1.308542250880009
calibration:412:415,412,415,0.7252733485164536
calibration:416:419,416,419,0.499626938779553
calibration:420:423,420,423,0.4433615063642652
calibration:424:427,424,427,0.23908212178777358
calibration:428:431,428,431,0.2511066067962222
calibration:432:435,432,435,0.16191025403497944
calibration:436:439,436,439,0.7564399265328784
calibration:440:443,440,443,1.097661293469042
calibration:444:447,444,447,0.37798969518337927
calibration:448:451,448,451,0.859577205725529
calibration:452:455,452,455,0.34847578184604266
calibration:456:459,456,459,0.6601081159490549
calibration:460:463,460,463,0.7251911105541321
calibration:464:467,464,467,0.3593788400955594
calibration:468:471,468,471,0.2510547028017336
calibration:472:475,472,475,0.6325365423751388
calibration:476:479,476,479,0.20151160675323931
calibration:480:483,480,483,0.25062365998051717
calibration:484:487,484,487,1.377095945047617
calibration:488:491,488,491,0.001996908711450705
calibration:492:495,492,495,0.1939764058993654
calibration:496:499,496,499,0.3626080483646434
calibration:500:503,500,503,0.5868218935451904
calibration:504:507,504,507,0.10596590380751184
calibration:508:511,508,511,1.2428744331144295
calibration:512:515,512,515,0.5681868929051453
calibration:516:519,516,519,0.8344837170049378
calibration:520:523,520,523,1.3989530712614273
calibration:524:527,524,527,1.052679023952087
calibration:528:531,528,531,0.5224364371155258
calibration:532:535,532,535,0.83504711322354
calibration:536:539,536,539,0.3516737260963929
calibration:540:543,540,543,0.0898554190234418
calibration:544:547,544,547,0.036014414678755165
calibration:548:551,548,551,0.2788113922760477
calibration:552:555,552,555,0.5818765267374614
calibration:556:559,556,559,0.3786881276385033
calibration:560:563,560,563,0.10094541750396908
calibration:564:567,564,567,0.020990551287223234
calibration:568:571,568,571,0.5824380986254509
calibration:572:575,572,575,0.3523917969339941
calibration:576:579,576,579,0.461013693600749
calibration:580:583,580,583,0.8967470119066796
calibration:584:587,584,587,1.4540683884246206
calibration:588:591,588,591,1.3249013096528448
calibration:592:595,592,595,0.1546495612815212
calibration:596:599,596,599,0.48194431026167
calibration:600:603,600,603,0.12672388871281462
calibration:604:607,604,607,0.12974208274103977
calibration:608:611,608,611,0.9965629720199032
calibration:612:615,612,615,0.8377746663453434
calibration:616:619,616,619,1.1132575316474844
calibration:620:623,620,623,1.0920273312830213
calibration:624:627,624,627,1.0839090600568804
calibration:628:631,628,631,1.3094088436921905
calibration:632:635,632,635,0.383257002687452
calibration:636:639,636,639,0.16982462948676938
calibration:640:643,640,643,0.058094216540869895
calibration:644:647,644,647,0.20828044566506043
calibration:648:651,648,651,0.8468649838473119
calibration:652:655,652,655,0.29230246024109746
calibration:656:659,656,659,1.1523527220487149
calibration:660:663,660,663,1.2108457694555725
calibration:664:667,664,667,0.07940758491855572
calibration:668:671,668,671,1.0344204792996332
calibration:672:675,672,675,0.5349545287538465
calibration:676:679,676,679,0.06669625732005088
calibration:680:683,680,683,0.4042144119685457
calibration:684:687,684,687,0.3046927056517809
calibration:688:691,688,691,0.4565163609287657
calibration:692:695,692,695,0.5792267759506083
calibration:696:699,696,699,0.45888087225865914
calibration:700:703,700,703,0.4617792328054673
calibration:704:707,704,707,0.17337846129133366
calibration:708:711,708,711,0.8751358841560651
calibration:712:715,712,715,0.6994206520915065
calibration:716:719,716,719,0.5909337916612735
calibration:720:723,720,723,0.7716516244351326
calibration:724:727,724,727,0.5975925983973218
calibration:728:731,728,731,0.31647215801912365
calibration:732:735,732,735,206.44775444930212
calibration:736:739,736,739,0.6596251691333507
calibration:740:743,740,743,0.18062480979821016
calibration:744:747,744,747,1.035462315164191
calibration:748:751,748,751,0.7469730457297519
calibration:752:755,752,755,0.4019080645911258
calibration:756:759,756,759,0.8877872234714833
calibration:760:763,760,763,0.6053540162471598
calibration:764:767,764,767,208.4068753715194
calibration:768:771,768,771,0.1243728273497915
calibration:772:775,772,775,0.743261784924675
calibration:776:779,776,779,0.3456194166745129
calibration:780:783,780,783,0.2538913938195979
calibration:784:787,784,787,0.3118201149569526
calibration:788:791,788,791,0.10549282983982837
calibration:792:795,792,795,0.1763206773152211
calibration:796:799,796,799,0.4540034707090472
