window_id,start_index,end_index,score,output_state,threshold,config_id,run_id,features
replay:574:577,574,577,215.42234440523725,alert,1.1386916158684401,fb0615ae980d8eef49d8a481f4a57746d2e55cd06831722ec6958a3517a591ca,34ab1756303448eaa733221610878d2c,"[215.42234440523725, 0.0]"
replay:578:581,578,581,1.2723699536961397,alert,1.1386916158684401,fb0615ae980d8eef49d8a481f4a57746d2e55cd06831722ec6958a3517a591ca,34ab1756303448eaa733221610878d2c,"[108.3473571794667, 151.42689912561062]"
replay:582:585,582,585,1.0155834537624913,normal,1.1386916158684401,fb0615ae980d8eef49d8a481f4a57746d2e55cd06831722ec6958a3517a591ca,34ab1756303448eaa733221610878d2c,"[1.2723699536961397, 123.71373989887911]"
replay:586:589,586,589,1.3652069906152688,alert,1.1386916158684401,fb0615ae980d8eef49d8a481f4a57746d2e55cd06831722ec6958a3517a591ca,34ab1756303448eaa733221610878d2c,"[1.3187884721557044, 107.1024142165185]"
replay:590:593,590,593,0.6215041855032468,normal,1.1386916158684401,fb0615ae980d8eef49d8a481f4a57746d2e55cd06831722ec6958a3517a591ca,34ab1756303448eaa733221610878d2c,"[1.2723699536961397, 95.86231234165079]"
replay:594:597,594,597,1.0782307792971173,normal,1.1386916158684401,fb0615ae980d8eef49d8a481f4a57746d2e55cd06831722ec6958a3517a591ca,34ab1756303448eaa733221610878d2c,"[1.0782307792971173, 0.28821714500322027]"
replay:598:601,598,601,0.07302427370819115,normal,1.1386916158684401,fb0615ae980d8eef49d8a481f4a57746d2e55cd06831722ec6958a3517a591ca,34ab1756303448eaa733221610878d2c,"[1.0155834537624913, 0.49974655969608206]"
replay:602:605,602,605,0.8732479041028419,normal,1.1386916158684401,fb0615ae980d8eef49d8a481f4a57746d2e55cd06831722ec6958a3517a591ca,34ab1756303448eaa733221610878d2c,"[0.8732479041028419, 0.4905522080517185]"
replay:606:609,606,609,0.24245979165228232,normal,1.1386916158684401,fb0615ae980d8eef49d8a481f4a57746d2e55cd06831722ec6958a3517a591ca,34ab1756303448eaa733221610878d2c,"[0.6215041855032468, 0.42038137955120064]"
replay:610:613,610,613,0.34264007075016534,normal,1.1386916158684401,fb0615ae980d8eef49d8a481f4a57746d2e55cd06831722ec6958a3517a591ca,34ab1756303448eaa733221610878d2c,"[0.34264007075016534, 0.4314683225702953]"
replay:614:617,614,617,1.0251290360379053,normal,1.1386916158684401,fb0615ae980d8eef49d8a481f4a57746d2e55cd06831722ec6958a3517a591ca,34ab1756303448eaa733221610878d2c,"[0.34264007075016534, 0.4146786120525953]"
replay:618:621,618,621,0.7353044579156812,normal,1.1386916158684401,fb0615ae980d8eef49d8a481f4a57746d2e55cd06831722ec6958a3517a591ca,34ab1756303448eaa733221610878d2c,"[0.7353044579156812, 0.33845328203985003]"
replay:622:625,622,625,0.9175897008371438,normal,1.1386916158684401,fb0615ae980d8eef49d8a481f4a57746d2e55cd06831722ec6958a3517a591ca,34ab1756303448eaa733221610878d2c,"[0.7353044579156812, 0.34645620098927143]"
replay:626:629,626,629,0.6114032926310464,normal,1.1386916158684401,fb0615ae980d8eef49d8a481f4a57746d2e55cd06831722ec6958a3517a591ca,34ab1756303448eaa733221610878d2c,"[0.7353044579156812, 0.2675666987718416]"
replay:630:633,630,633,1.0179709097944913,normal,1.1386916158684401,fb0615ae980d8eef49d8a481f4a57746d2e55cd06831722ec6958a3517a591ca,34ab1756303448eaa733221610878d2c,"[0.9175897008371438, 0.18226171934877813]"
replay:634:637,634,637,0.2611313848891637,normal,1.1386916158684401,fb0615ae980d8eef49d8a481f4a57746d2e55cd06831722ec6958a3517a591ca,34ab1756303448eaa733221610878d2c,"[0.7353044579156812, 0.2957091106259801]"
replay:638:641,638,641,0.5888796135236022,normal,1.1386916158684401,fb0615ae980d8eef49d8a481f4a57746d2e55cd06831722ec6958a3517a591ca,34ab1756303448eaa733221610878d2c,"[0.6114032926310464, 0.29963758166557014]"
replay:642:645,642,645,0.0971875032596298,normal,1.1386916158684401,fb0615ae980d8eef49d8a481f4a57746d2e55cd06831722ec6958a3517a591ca,34ab1756303448eaa733221610878d2c,"[0.5888796135236022, 0.35593102903339374]"
replay:646:649,646,649,0.9413803543362093,normal,1.1386916158684401,fb0615ae980d8eef49d8a481f4a57746d2e55cd06831722ec6958a3517a591ca,34ab1756303448eaa733221610878d2c,"[0.5888796135236022, 0.4053608413153843]"
replay:650:653,650,653,0.01280578087292211,normal,1.1386916158684401,fb0615ae980d8eef49d8a481f4a57746d2e55cd06831722ec6958a3517a591ca,34ab1756303448eaa733221610878d2c,"[0.2611313848891637, 0.38331529524263475]"
replay:654:657,654,657,0.3064475798141675,normal,1.1386916158684401,fb0615ae980d8eef49d8a481f4a57746d2e55cd06831722ec6958a3517a591ca,34ab1756303448eaa733221610878d2c,"[0.3064475798141675, 0.38031791406341636]"
replay:658:661,658,661,0.17559152511804366,normal,1.1386916158684401,fb0615ae980d8eef49d8a481f4a57746d2e55cd06831722ec6958a3517a591ca,34ab1756303448eaa733221610878d2c,"[0.17559152511804366, 0.37090360772244946]"
replay:662:665,662,665,1.3777744091400939,alert,1.1386916158684401,fb0615ae980d8eef49d8a481f4a57746d2e55cd06831722ec6958a3517a591ca,34ab1756303448eaa733221610878d2c,"[0.3064475798141675, 0.5756837195177789]"
replay:666:669,666,669,0.951579851676481,normal,1.1386916158684401,fb0615ae980d8eef49d8a481f4a57746d2e55cd06831722ec6958a3517a591ca,34ab1756303448eaa733221610878d2c,"[0.3064475798141675, 0.5773761476570577]"
replay:670:673,670,673,1.2801280788254534,alert,1.1386916158684401,fb0615ae980d8eef49d8a481f4a57746d2e55cd06831722ec6958a3517a591ca,34ab1756303448eaa733221610878d2c,"[0.951579851676481, 0.5520705098491454]"
replay:674:677,674,677,0.6391581062111756,normal,1.1386916158684401,fb0615ae980d8eef49d8a481f4a57746d2e55cd06831722ec6958a3517a591ca,34ab1756303448eaa733221610878d2c,"[0.951579851676481, 0.4917021955999448]"
replay:678:681,678,681,0.6612892279079996,normal,1.1386916158684401,fb0615ae980d8eef49d8a481f4a57746d2e55cd06831722ec6958a3517a591ca,34ab1756303448eaa733221610878d2c,"[0.951579851676481, 0.34162811733732107]"
replay:682:685,682,685,0.781040633456199,normal,1.1386916158684401,fb0615ae980d8eef49d8a481f4a57746d2e55cd06831722ec6958a3517a591ca,34ab1756303448eaa733221610878d2c,"[0.781040633456199, 0.2642684903975836]"
replay:686:689,686,689,0.38228695527191925,normal,1.1386916158684401,fb0615ae980d8eef49d8a481f4a57746d2e55cd06831722ec6958a3517a591ca,34ab1756303448eaa733221610878d2c,"[0.6612892279079996, 0.33066609894796256]"
replay:690:693,690,693,0.16418458815932493,normal,1.1386916158684401,fb0615ae980d8eef49d8a481f4a57746d2e55cd06831722ec6958a3517a591ca,34ab1756303448eaa733221610878d2c,"[0.6391581062111756, 0.24885570902350618]"
replay:694:697,694,697,0.010104390540124969,normal,1.1386916158684401,fb0615ae980d8eef49d8a481f4a57746d2e55cd06831722ec6958a3517a591ca,34ab1756303448eaa733221610878d2c,"[0.38228695527191925, 0.3245785853225317]"
replay:698:701,698,701,0.24803883245570618,normal,1.1386916158684401,fb0615ae980d8eef49d8a481f4a57746d2e55cd06831722ec6958a3517a591ca,34ab1756303448eaa733221610878d2c,"[0.24803883245570618, 0.2923564254245843]"
replay:702:705,702,705,0.8565209770224748,normal,1.1386916158684401,fb0615ae980d8eef49d8a481f4a57746d2e55cd06831722ec6958a3517a591ca,34ab1756303448eaa733221610878d2c,"[0.24803883245570618, 0.32267593988423415]"
replay:706:709,706,709,0.7658932383266205,normal,1.1386916158684401,fb0615ae980d8eef49d8a481f4a57746d2e55cd06831722ec6958a3517a591ca,34ab1756303448eaa733221610878d2c,"[0.24803883245570618, 0.37835452478682413]"
replay:710:713,710,713,193.04674874375692,alert,1.1386916158684401,fb0615ae980d8eef49d8a481f4a57746d2e55cd06831722ec6958a3517a591ca,34ab1756303448eaa733221610878d2c,"[0.7658932383266205, 86.12360028971551]"
replay:714:717,714,717,1.4971011829186252,alert,1.1386916158684401,fb0615ae980d8eef49d8a481f4a57746d2e55cd06831722ec6958a3517a591ca,34ab1756303448eaa733221610878d2c,"[0.8565209770224748, 85.95777244350263]"
replay:718:721,718,721,0.7398914261426178,normal,1.1386916158684401,fb0615ae980d8eef49d8a481f4a57746d2e55cd06831722ec6958a3517a591ca,34ab1756303448eaa733221610878d2c,"[0.8565209770224748, 85.9021963518965]"
replay:722:725,722,725,0.09207960576741624,normal,1.1386916158684401,fb0615ae980d8eef49d8a481f4a57746d2e55cd06831722ec6958a3517a591ca,34ab1756303448eaa733221610878d2c,"[0.7658932383266205, 85.98854082564617]"
replay:726:729,726,729,0.5454089965670106,normal,1.1386916158684401,fb0615ae980d8eef49d8a481f4a57746d2e55cd06831722ec6958a3517a591ca,34ab1756303448eaa733221610878d2c,"[0.7398914261426178, 86.01324931661541]"
replay:730:733,730,733,0.432402694773326,normal,1.1386916158684401,fb0615ae980d8eef49d8a481f4a57746d2e55cd06831722ec6958a3517a591ca,34ab1756303448eaa733221610878d2c,"[0.5454089965670106, 0.523110112304654]"
replay:734:737,734,737,0.816569423299,normal,1.1386916158684401,fb0615ae980d8eef49d8a481f4a57746d2e55cd06831722ec6958a3517a591ca,34ab1756303448eaa733221610878d2c,"[0.5454089965670106, 0.2861824347296105]"
replay:738:741,738,741,0.5186034649451509,normal,1.1386916158684401,fb0615ae980d8eef49d8a481f4a57746d2e55cd06831722ec6958a3517a591ca,34ab1756303448eaa733221610878d2c,"[0.5186034649451509, 0.2606674833812442]"
replay:742:745,742,745,0.34617167349488226,normal,1.1386916158684401,fb0615ae980d8eef49d8a481f4a57746d2e55cd06831722ec6958a3517a591ca,34ab1756303448eaa733221610878d2c,"[0.5186034649451509, 0.1773349040484346]"
replay:746:749,746,749,0.9639300799069165,normal,1.1386916158684401,fb0615ae980d8eef49d8a481f4a57746d2e55cd06831722ec6958a3517a591ca,34ab1756303448eaa733221610878d2c,"[0.5186034649451509, 0.2632886896664212]"
replay:750:753,750,753,0.3691520959402747,normal,1.1386916158684401,fb0615ae980d8eef49d8a481f4a57746d2e55cd06831722ec6958a3517a591ca,34ab1756303448eaa733221610878d2c,"[0.5186034649451509, 0.27552257715191497]"
replay:754:757,754,757,0.6299311465999448,normal,1.1386916158684401,fb0615ae980d8eef49d8a481f4a57746d2e55cd06831722ec6958a3517a591ca,34ab1756303448eaa733221610878d2c,"[0.5186034649451509, 0.25087575800643436]"
replay:758:761,758,761,0.542762936364033,normal,1.1386916158684401,fb0615ae980d8eef49d8a481f4a57746d2e55cd06831722ec6958a3517a591ca,34ab1756303448eaa733221610878d2c,"[0.542762936364033, 0.24997637350706556]"
replay:762:765,762,765,0.6852640671115742,normal,1.1386916158684401,fb0615ae980d8eef49d8a481f4a57746d2e55cd06831722ec6958a3517a591ca,34ab1756303448eaa733221610878d2c,"[0.6299311465999448, 0.21787524685869625]"
replay:766:769,766,769,1.3667697784111021,alert,1.1386916158684401,fb0615ae980d8eef49d8a481f4a57746d2e55cd06831722ec6958a3517a591ca,34ab1756303448eaa733221610878d2c,"[0.6299311465999448, 0.3814871778125626]"
replay:770:773,770,773,1.2273839907160877,alert,1.1386916158684401,fb0615ae980d8eef49d8a481f4a57746d2e55cd06831722ec6958a3517a591ca,34ab1756303448eaa733221610878d2c,"[0.6852640671115742, 0.37790960421911174]"
replay:774:777,774,777,0.8804823092743848,normal,1.1386916158684401,fb0615ae980d8eef49d8a481f4a57746d2e55cd06831722ec6958a3517a591ca,34ab1756303448eaa733221610878d2c,"[0.8804823092743848, 0.3503393423610602]"
replay:778:781,778,781,0.6098130444210863,normal,1.1386916158684401,fb0615ae980d8eef49d8a481f4a57746d2e55cd06831722ec6958a3517a591ca,34ab1756303448eaa733221610878d2c,"[0.8804823092743848, 0.33211676890934094]"
replay:782:785,782,785,0.7830369088192102,normal,1.1386916158684401,fb0615ae980d8eef49d8a481f4a57746d2e55cd06831722ec6958a3517a591ca,34ab1756303448eaa733221610878d2c,"[0.8804823092743848, 0.31476772422802013]"
replay:786:789,786,789,0.07301404116905198,normal,1.1386916158684401,fb0615ae980d8eef49d8a481f4a57746d2e55cd06831722ec6958a3517a591ca,34ab1756303448eaa733221610878d2c,"[0.7830369088192102, 0.42360379900214257]"
replay:790:793,790,793,0.3275065918738169,normal,1.1386916158684401,fb0615ae980d8eef49d8a481f4a57746d2e55cd06831722ec6958a3517a591ca,34ab1756303448eaa733221610878d2c,"[0.6098130444210863, 0.3327768032693802]"
replay:794:797,794,797,0.5576150018094318,normal,1.1386916158684401,fb0615ae980d8eef49d8a481f4a57746d2e55cd06831722ec6958a3517a591ca,34ab1756303448eaa733221610878d2c,"[0.5576150018094318, 0.27528086148832176]"
replay:798:801,798,801,0.461216594758998,normal,1.1386916158684401,fb0615ae980d8eef49d8a481f4a57746d2e55cd06831722ec6958a3517a591ca,34ab1756303448eaa733221610878d2c,"[0.461216594758998, 0.2642395090682247]"
replay:802:805,802,805,0.5212918320463159,normal,1.1386916158684401,fb0615ae980d8eef49d8a481f4a57746d2e55cd06831722ec6958a3517a591ca,34ab1756303448eaa733221610878d2c,"[0.461216594758998, 0.19670546179597367]"
replay:806:809,806,809,0.21680681602984822,normal,1.1386916158684401,fb0615ae980d8eef49d8a481f4a57746d2e55cd06831722ec6958a3517a591ca,34ab1756303448eaa733221610878d2c,"[0.461216594758998, 0.14203062151614537]"
replay:810:813,810,813,0.3382596137676785,normal,1.1386916158684401,fb0615ae980d8eef49d8a481f4a57746d2e55cd06831722ec6958a3517a591ca,34ab1756303448eaa733221610878d2c,"[0.461216594758998, 0.14041106162510372]"
replay:814:817,814,817,0.7530207040892768,normal,1.1386916158684401,fb0615ae980d8eef49d8a481f4a57746d2e55cd06831722ec6958a3517a591ca,34ab1756303448eaa733221610878d2c,"[0.461216594758998, 0.2022160104178034]"
replay:818:821,818,821,0.6972459239329925,normal,1.1386916158684401,fb0615ae980d8eef49d8a481f4a57746d2e55cd06831722ec6958a3517a591ca,34ab1756303448eaa733221610878d2c,"[0.5212918320463159, 0.22890791180710532]"
replay:822:825,822,825,0.778085773826611,normal,1.1386916158684401,fb0615ae980d8eef49d8a481f4a57746d2e55cd06831722ec6958a3517a591ca,34ab1756303448eaa733221610878d2c,"[0.6972459239329925, 0.26007220822789207]"
replay:826:829,826,829,0.7403760764054917,normal,1.1386916158684401,fb0615ae980d8eef49d8a481f4a57746d2e55cd06831722ec6958a3517a591ca,34ab1756303448eaa733221610878d2c,"[0.7403760764054917, 0.18299711973440985]"
replay:830:833,830,833,0.5467373661934689,normal,1.1386916158684401,fb0615ae980d8eef49d8a481f4a57746d2e55cd06831722ec6958a3517a591ca,34ab1756303448eaa733221610878d2c,"[0.7403760764054917, 0.09217916259861304]"
replay:834:837,834,837,1.1999566183884187,alert,1.1386916158684401,fb0615ae980d8eef49d8a481f4a57746d2e55cd06831722ec6958a3517a591ca,34ab1756303448eaa733221610878d2c,"[0.7403760764054917, 0.24414041986540388]"
replay:838:841,838,841,0.2519676809744305,normal,1.1386916158684401,fb0615ae980d8eef49d8a481f4a57746d2e55cd06831722ec6958a3517a591ca,34ab1756303448eaa733221610878d2c,"[0.7403760764054917, 0.3470763557002043]"
replay:842:845,842,845,0.09126193286709618,normal,1.1386916158684401,fb0615ae980d8eef49d8a481f4a57746d2e55cd06831722ec6958a3517a591ca,34ab1756303448eaa733221610878d2c,"[0.5467373661934689, 0.43493435450044626]"
replay:846:849,846,849,0.6739068788976895,normal,1.1386916158684401,fb0615ae980d8eef49d8a481f4a57746d2e55cd06831722ec6958a3517a591ca,34ab1756303448eaa733221610878d2c,"[0.5467373661934689, 0.42925306819067593]"
replay:850:853,850,853,0.9065845863881209,normal,1.1386916158684401,fb0615ae980d8eef49d8a481f4a57746d2e55cd06831722ec6958a3517a591ca,34ab1756303448eaa733221610878d2c,"[0.6739068788976895, 0.45724335992202186]"
replay:854:857,854,857,0.47407376158301645,normal,1.1386916158684401,fb0615ae980d8eef49d8a481f4a57746d2e55cd06831722ec6958a3517a591ca,34ab1756303448eaa733221610878d2c,"[0.47407376158301645, 0.32508631859186604]"
replay:858:861,858,861,0.45565519113212694,normal,1.1386916158684401,fb0615ae980d8eef49d8a481f4a57746d2e55cd06831722ec6958a3517a591ca,34ab1756303448eaa733221610878d2c,"[0.47407376158301645, 0.30133052216142925]"
replay:862:865,862,865,0.8277661280899454,normal,1.1386916158684401,fb0615ae980d8eef49d8a481f4a57746d2e55cd06831722ec6958a3517a591ca,34ab1756303448eaa733221610878d2c,"[0.6739068788976895, 0.20321146914330465]"
replay:866:869,866,869,1.036268066517338,normal,1.1386916158684401,fb0615ae980d8eef49d8a481f4a57746d2e55cd06831722ec6958a3517a591ca,34ab1756303448eaa733221610878d2c,"[0.8277661280899454, 0.2621053201123981]"
replay:870:873,870,873,0.7325746769379271,normal,1.1386916158684401,fb0615ae980d8eef49d8a481f4a57746d2e55cd06831722ec6958a3517a591ca,34ab1756303448eaa733221610878d2c,"[0.7325746769379271, 0.2454943075982551]"
replay:874:877,874,877,0.477976079918445,normal,1.1386916158684401,fb0615ae980d8eef49d8a481f4a57746d2e55cd06831722ec6958a3517a591ca,34ab1756303448eaa733221610878d2c,"[0.7325746769379271, 0.2445800580015831]"
replay:878:881,878,881,1.0611331366260386,normal,1.1386916158684401,fb0615ae980d8eef49d8a481f4a57746d2e55cd06831722ec6958a3517a591ca,34ab1756303448eaa733221610878d2c,"[0.8277661280899454, 0.2394502931596003]"
replay:882:885,882,885,0.951207759344139,normal,1.1386916158684401,fb0615ae980d8eef49d8a481f4a57746d2e55cd06831722ec6958a3517a591ca,34ab1756303448eaa733221610878d2c,"[0.951207759344139, 0.24580974759684865]"
replay:886:889,886,889,1.0952335384234482,normal,1.1386916158684401,fb0615ae980d8eef49d8a481f4a57746d2e55cd06831722ec6958a3517a591ca,34ab1756303448eaa733221610878d2c,"[0.951207759344139, 0.2579835244609649]"
replay:890:893,890,893,0.5434271211772616,normal,1.1386916158684401,fb0615ae980d8eef49d8a481f4a57746d2e55cd06831722ec6958a3517a591ca,34ab1756303448eaa733221610878d2c,"[0.951207759344139, 0.2934361706150307]"
replay:894:897,894,897,1.0906679655056222,normal,1.1386916158684401,fb0615ae980d8eef49d8a481f4a57746d2e55cd06831722ec6958a3517a591ca,34ab1756303448eaa733221610878d2c,"[1.0611331366260386, 0.23373056943832327]"
replay:898:901,898,901,0.971282140673947,normal,1.1386916158684401,fb0615ae980d8eef49d8a481f4a57746d2e55cd06831722ec6958a3517a591ca,34ab1756303448eaa733221610878d2c,"[0.971282140673947, 0.2262234684936807]"
replay:902:905,902,905,0.6722315331713237,normal,1.1386916158684401,fb0615ae980d8eef49d8a481f4a57746d2e55cd06831722ec6958a3517a591ca,34ab1756303448eaa733221610878d2c,"[0.971282140673947, 0.25265610391433846]"
replay:906:909,906,909,0.7488295304762524,normal,1.1386916158684401,fb0615ae980d8eef49d8a481f4a57746d2e55cd06831722ec6958a3517a591ca,34ab1756303448eaa733221610878d2c,"[0.7488295304762524, 0.2227433957793135]"
replay:910:913,910,913,0.21066636231538766,normal,1.1386916158684401,fb0615ae980d8eef49d8a481f4a57746d2e55cd06831722ec6958a3517a591ca,34ab1756303448eaa733221610878d2c,"[0.7488295304762524, 0.33960126678053587]"
replay:914:917,914,917,0.4120301558576132,normal,1.1386916158684401,fb0615ae980d8eef49d8a481f4a57746d2e55cd06831722ec6958a3517a591ca,34ab1756303448eaa733221610878d2c,"[0.6722315331713237, 0.2966842414919413]"
replay:918:921,918,921,1.1171353768250831,normal,1.1386916158684401,fb0615ae980d8eef49d8a481f4a57746d2e55cd06831722ec6958a3517a591ca,34ab1756303448eaa733221610878d2c,"[0.6722315331713237, 0.3451567239680323]"
replay:922:925,922,925,0.9435050015538775,normal,1.1386916158684401,fb0615ae980d8eef49d8a481f4a57746d2e55cd06831722ec6958a3517a591ca,34ab1756303448eaa733221610878d2c,"[0.7488295304762524, 0.3732072791385209]"
replay:926:929,926,929,0.4027069359600056,normal,1.1386916158684401,fb0615ae980d8eef49d8a481f4a57746d2e55cd06831722ec6958a3517a591ca,34ab1756303448eaa733221610878d2c,"[0.4120301558576132, 0.3904426567025612]"
replay:930:933,930,933,0.9083822760733605,normal,1.1386916158684401,fb0615ae980d8eef49d8a481f4a57746d2e55cd06831722ec6958a3517a591ca,34ab1756303448eaa733221610878d2c,"[0.9083822760733605, 0.32860525699664134]"
replay:934:937,934,937,1.3511702910977292,alert,1.1386916158684401,fb0615ae980d8eef49d8a481f4a57746d2e55cd06831722ec6958a3517a591ca,34ab1756303448eaa733221610878d2c,"[0.9435050015538775, 0.3500103110114758]"
replay:938:941,938,941,1.1671017956735217,alert,1.1386916158684401,fb0615ae980d8eef49d8a481f4a57746d2e55cd06831722ec6958a3517a591ca,34ab1756303448eaa733221610878d2c,"[0.9435050015538775, 0.3568158266184468]"
replay:942:945,942,945,0.9104120397462817,normal,1.1386916158684401,fb0615ae980d8eef49d8a481f4a57746d2e55cd06831722ec6958a3517a591ca,34ab1756303448eaa733221610878d2c,"[0.9104120397462817, 0.35737893569410145]"
replay:946:949,946,949,1.4763300586965082,alert,1.1386916158684401,fb0615ae980d8eef49d8a481f4a57746d2e55cd06831722ec6958a3517a591ca,34ab1756303448eaa733221610878d2c,"[1.1671017956735217, 0.2560424562439521]"
replay:950:953,950,953,0.4159320276822427,normal,1.1386916158684401,fb0615ae980d8eef49d8a481f4a57746d2e55cd06831722ec6958a3517a591ca,34ab1756303448eaa733221610878d2c,"[1.1671017956735217, 0.4203254729611635]"
replay:954:957,954,957,0.5603754804046046,normal,1.1386916158684401,fb0615ae980d8eef49d8a481f4a57746d2e55cd06831722ec6958a3517a591ca,34ab1756303448eaa733221610878d2c,"[0.9104120397462817, 0.43390462981630057]"
replay:958:961,958,961,0.08965170329888969,normal,1.1386916158684401,fb0615ae980d8eef49d8a481f4a57746d2e55cd06831722ec6958a3517a591ca,34ab1756303448eaa733221610878d2c,"[0.5603754804046046, 0.5289680557326787]"
replay:962:965,962,965,0.35179770955988104,normal,1.1386916158684401,fb0615ae980d8eef49d8a481f4a57746d2e55cd06831722ec6958a3517a591ca,34ab1756303448eaa733221610878d2c,"[0.4159320276822427, 0.5299107802523323]"
replay:966:969,966,969,0.03286341804777446,normal,1.1386916158684401,fb0615ae980d8eef49d8a481f4a57746d2e55cd06831722ec6958a3517a591ca,34ab1756303448eaa733221610878d2c,"[0.35179770955988104, 0.22306911356799583]"
replay:970:973,970,973,0.21536867916535005,normal,1.1386916158684401,fb0615ae980d8eef49d8a481f4a57746d2e55cd06831722ec6958a3517a591ca,34ab1756303448eaa733221610878d2c,"[0.21536867916535005, 0.2125764049218771]"
replay:974:977,974,977,0.14614741234908557,normal,1.1386916158684401,fb0615ae980d8eef49d8a481f4a57746d2e55cd06831722ec6958a3517a591ca,34ab1756303448eaa733221610878d2c,"[0.14614741234908557, 0.12338942133792395]"
replay:978:981,978,981,0.37244883400481754,normal,1.1386916158684401,fb0615ae980d8eef49d8a481f4a57746d2e55cd06831722ec6958a3517a591ca,34ab1756303448eaa733221610878d2c,"[0.21536867916535005, 0.14233556425206367]"
replay:982:985,982,985,0.5385638743935622,normal,1.1386916158684401,fb0615ae980d8eef49d8a481f4a57746d2e55cd06831722ec6958a3517a591ca,34ab1756303448eaa733221610878d2c,"[0.21536867916535005, 0.1979786292497773]"
replay:986:989,986,989,0.7468323248824111,normal,1.1386916158684401,fb0615ae980d8eef49d8a481f4a57746d2e55cd06831722ec6958a3517a591ca,34ab1756303448eaa733221610878d2c,"[0.37244883400481754, 0.2442880297300365]"
replay:990:993,990,993,0.5332001634228642,normal,1.1386916158684401,fb0615ae980d8eef49d8a481f4a57746d2e55cd06831722ec6958a3517a591ca,34ab1756303448eaa733221610878d2c,"[0.5332001634228642, 0.22343641393636549]"
replay:994:997,994,997,1.081961004928838,normal,1.1386916158684401,fb0615ae980d8eef49d8a481f4a57746d2e55cd06831722ec6958a3517a591ca,34ab1756303448eaa733221610878d2c,"[0.5385638743935622, 0.27338425956812973]"
replay:998:1001,998,1001,1.041551777636583,normal,1.1386916158684401,fb0615ae980d8eef49d8a481f4a57746d2e55cd06831722ec6958a3517a591ca,34ab1756303448eaa733221610878d2c,"[0.7468323248824111, 0.2643561998585277]"
replay:1002:1005,1002,1005,0.1604543625276043,normal,1.1386916158684401,fb0615ae980d8eef49d8a481f4a57746d2e55cd06831722ec6958a3517a591ca,34ab1756303448eaa733221610878d2c,"[0.7468323248824111, 0.3817255501435157]"
replay:1006:1009,1006,1009,0.7192667946717437,normal,1.1386916158684401,fb0615ae980d8eef49d8a481f4a57746d2e55cd06831722ec6958a3517a591ca,34ab1756303448eaa733221610878d2c,"[0.7192667946717437, 0.38130998776996267]"
replay:1010:1013,1010,1013,0.7412793305422503,normal,1.1386916158684401,fb0615ae980d8eef49d8a481f4a57746d2e55cd06831722ec6958a3517a591ca,34ab1756303448eaa733221610878d2c,"[0.7412793305422503, 0.36870691804065203]"
replay:1014:1017,1014,1017,0.12860325887919738,normal,1.1386916158684401,fb0615ae980d8eef49d8a481f4a57746d2e55cd06831722ec6958a3517a591ca,34ab1756303448eaa733221610878d2c,"[0.7192667946717437, 0.3986992732105397]"
replay:1018:1021,1018,1021,0.4366905751835264,normal,1.1386916158684401,fb0615ae980d8eef49d8a481f4a57746d2e55cd06831722ec6958a3517a591ca,34ab1756303448eaa733221610878d2c,"[0.4366905751835264, 0.2931920252148648]"
replay:1022:1025,1022,1025,0.6866468738462532,normal,1.1386916158684401,fb0615ae980d8eef49d8a481f4a57746d2e55cd06831722ec6958a3517a591ca,34ab1756303448eaa733221610878d2c,"[0.6866468738462532, 0.26174615080490465]"
replay:1026:1029,1026,1029,1.0167569585602279,normal,1.1386916158684401,fb0615ae980d8eef49d8a481f4a57746d2e55cd06831722ec6958a3517a591ca,34ab1756303448eaa733221610878d2c,"[0.6866468738462532, 0.3354172178695861]"
replay:1030:1033,1030,1033,1.6009837807233034,alert,1.1386916158684401,fb0615ae980d8eef49d8a481f4a57746d2e55cd06831722ec6958a3517a591ca,34ab1756303448eaa733221610878d2c,"[0.6866468738462532, 0.5658573725732147]"
replay:1034:1037,1034,1037,225.24716337145742,alert,1.1386916158684401,fb0615ae980d8eef49d8a481f4a57746d2e55cd06831722ec6958a3517a591ca,34ab1756303448eaa733221610878d2c,"[1.0167569585602279, 100.31627582143336]"
replay:1038:1041,1038,1041,0.8797879105637699,normal,1.1386916158684401,fb0615ae980d8eef49d8a481f4a57746d2e55cd06831722ec6958a3517a591ca,34ab1756303448eaa733221610878d2c,"[1.0167569585602279, 100.26636924702066]"
replay:1042:1045,1042,1045,1.2467593221811264,alert,1.1386916158684401,fb0615ae980d8eef49d8a481f4a57746d2e55cd06831722ec6958a3517a591ca,34ab1756303448eaa733221610878d2c,"[1.2467593221811264, 100.20353842058843]"
replay:1046:1049,1046,1049,0.40600460425537943,normal,1.1386916158684401,fb0615ae980d8eef49d8a481f4a57746d2e55cd06831722ec6958a3517a591ca,34ab1756303448eaa733221610878d2c,"[1.2467593221811264, 100.27242893427237]"
replay:1050:1053,1050,1053,0.972946807350375,normal,1.1386916158684401,fb0615ae980d8eef49d8a481f4a57746d2e55cd06831722ec6958a3517a591ca,34ab1756303448eaa733221610878d2c,"[0.972946807350375, 100.34212529121051]"
replay:1054:1057,1054,1057,0.8024708448265917,normal,1.1386916158684401,fb0615ae980d8eef49d8a481f4a57746d2e55cd06831722ec6958a3517a591ca,34ab1756303448eaa733221610878d2c,"[0.8797879105637699, 0.305016407956137]"
replay:1058:1061,1058,1061,0.129116262577797,normal,1.1386916158684401,fb0615ae980d8eef49d8a481f4a57746d2e55cd06831722ec6958a3517a591ca,34ab1756303448eaa733221610878d2c,"[0.8024708448265917, 0.445990727461162]"
replay:1062:1065,1062,1065,0.568560097765248,normal,1.1386916158684401,fb0615ae980d8eef49d8a481f4a57746d2e55cd06831722ec6958a3517a591ca,34ab1756303448eaa733221610878d2c,"[0.568560097765248, 0.33072439825928013]"
replay:1066:1069,1066,1069,0.1666427045252378,normal,1.1386916158684401,fb0615ae980d8eef49d8a481f4a57746d2e55cd06831722ec6958a3517a591ca,34ab1756303448eaa733221610878d2c,"[0.568560097765248, 0.3757141016354716]"
replay:1070:1073,1070,1073,1.528481106046588,alert,1.1386916158684401,fb0615ae980d8eef49d8a481f4a57746d2e55cd06831722ec6958a3517a591ca,34ab1756303448eaa733221610878d2c,"[0.568560097765248, 0.571393901029531]"
replay:1074:1077,1074,1077,1.1270111538362177,normal,1.1386916158684401,fb0615ae980d8eef49d8a481f4a57746d2e55cd06831722ec6958a3517a591ca,34ab1756303448eaa733221610878d2c,"[0.568560097765248, 0.6116158240774624]"
replay:1078:1081,1078,1081,0.6301850996167676,normal,1.1386916158684401,fb0615ae980d8eef49d8a481f4a57746d2e55cd06831722ec6958a3517a591ca,34ab1756303448eaa733221610878d2c,"[0.6301850996167676, 0.5294045742243315]"
replay:1082:1085,1082,1085,0.40053157255743976,normal,1.1386916158684401,fb0615ae980d8eef49d8a481f4a57746d2e55cd06831722ec6958a3517a591ca,34ab1756303448eaa733221610878d2c,"[0.6301850996167676, 0.5529114027300293]"
replay:1086:1089,1086,1089,0.2680973998613899,normal,1.1386916158684401,fb0615ae980d8eef49d8a481f4a57746d2e55cd06831722ec6958a3517a591ca,34ab1756303448eaa733221610878d2c,"[0.6301850996167676, 0.5264351658299]"
replay:1090:1093,1090,1093,0.6767641014992709,normal,1.1386916158684401,fb0615ae980d8eef49d8a481f4a57746d2e55cd06831722ec6958a3517a591ca,34ab1756303448eaa733221610878d2c,"[0.6301850996167676, 0.3287805876617162]"
replay:1094:1097,1094,1097,0.38763299185683187,normal,1.1386916158684401,fb0615ae980d8eef49d8a481f4a57746d2e55cd06831722ec6958a3517a591ca,34ab1756303448eaa733221610878d2c,"[0.40053157255743976, 0.17374593463903237]"
replay:1098:1101,1098,1101,0.043660607301485424,normal,1.1386916158684401,fb0615ae980d8eef49d8a481f4a57746d2e55cd06831722ec6958a3517a591ca,34ab1756303448eaa733221610878d2c,"[0.38763299185683187, 0.22975741753762394]"
replay:1102:1105,1102,1105,0.9828063239265861,normal,1.1386916158684401,fb0615ae980d8eef49d8a481f4a57746d2e55cd06831722ec6958a3517a591ca,34ab1756303448eaa733221610878d2c,"[0.38763299185683187, 0.3657252793566529]"
replay:1106:1109,1106,1109,1.063333616261038,normal,1.1386916158684401,fb0615ae980d8eef49d8a481f4a57746d2e55cd06831722ec6958a3517a591ca,34ab1756303448eaa733221610878d2c,"[0.6767641014992709, 0.42337020809277964]"
replay:1110:1113,1110,1113,0.9924007247160037,normal,1.1386916158684401,fb0615ae980d8eef49d8a481f4a57746d2e55cd06831722ec6958a3517a591ca,34ab1756303448eaa733221610878d2c,"[0.9828063239265861, 0.45432958004951335]"
replay:1114:1117,1114,1117,0.9038818193136934,normal,1.1386916158684401,fb0615ae980d8eef49d8a481f4a57746d2e55cd06831722ec6958a3517a591ca,34ab1756303448eaa733221610878d2c,"[0.9828063239265861, 0.42502433978981036]"
replay:1118:1121,1118,1121,0.39225486234454104,normal,1.1386916158684401,fb0615ae980d8eef49d8a481f4a57746d2e55cd06831722ec6958a3517a591ca,34ab1756303448eaa733221610878d2c,"[0.9828063239265861, 0.27130542235512234]"
